-- phpMyAdmin SQL Dump
-- version 4.8.5
-- https://www.phpmyadmin.net/
--
-- Host: 127.0.0.1
-- Generation Time: Oct 03, 2019 at 08:44 AM
-- Server version: 10.1.38-MariaDB
-- PHP Version: 7.3.2

SET SQL_MODE = "NO_AUTO_VALUE_ON_ZERO";
SET AUTOCOMMIT = 0;
START TRANSACTION;
SET time_zone = "+00:00";


/*!40101 SET @OLD_CHARACTER_SET_CLIENT=@@CHARACTER_SET_CLIENT */;
/*!40101 SET @OLD_CHARACTER_SET_RESULTS=@@CHARACTER_SET_RESULTS */;
/*!40101 SET @OLD_COLLATION_CONNECTION=@@COLLATION_CONNECTION */;
/*!40101 SET NAMES utf8mb4 */;

--
-- Database: `myshopdb`
--

-- --------------------------------------------------------

--
-- Table structure for table `carttable`
--

CREATE TABLE `carttable` (
  `emailadd` varchar(50) NOT NULL,
  `pid` int(3) NOT NULL,
  `pname` varchar(50) NOT NULL,
  `pprice` int(15) NOT NULL
) ENGINE=InnoDB DEFAULT CHARSET=latin1;

--
-- Dumping data for table `carttable`
--

INSERT INTO `carttable` (`emailadd`, `pid`, `pname`, `pprice`) VALUES
('mayankk@gmail.com', 1, 'Dennis Mens Shirt', 670),
('pragati@gmail.com', 2, 'Streats Mens Regular', 550),
('pragati@gmail.com', 3, 'Lions Roar Shirt', 770),
('pragati@gmail.com', 4, 'Dennim Blue', 790),
('pragati@gmail.com', 5, 'Lingo Mens cotton', 470),
('pragati@gmail.com', 6, 'Campus Stura Mens', 540),
('pragati@gmail.com', 7, 'Quirky T-Shirt', 400),
('pragati@gmail.com', 8, 'Nighty Kurti', 550),
('mayankk@gmail.com', 9, 'Elvis Crop', 620),
('mitalijain@gmail.com', 10, 'Party Frok', 450),
('mayankk@gmail.com', 12, 'Party Fashion Gown', 1070),
('mayankk@gmail.com', 17, 'Mobile Stand', 230),
('mayankk@gmail.com', 18, 'USB Hardisk', 1770),
('mrudul@gmail.com', 36, 'Double Bed', 8500),
('mrudul@gmail.com', 54, 'Wine Glass', 200),
('mrudul@gmail.com', 3, 'Lions Roar Shirt', 770),
('mrudul@gmail.com', 3, 'Lions Roar Shirt', 770),
('deepak29@gmail.com', 4, 'Dennim Blue', 790),
('deepak29@gmail.com', 2, 'Streats Mens Regular', 550);

-- --------------------------------------------------------

--
-- Table structure for table `contact`
--

CREATE TABLE `contact` (
  `cname` varchar(50) NOT NULL,
  `cemail` varchar(50) NOT NULL,
  `cmobile` bigint(15) NOT NULL,
  `csubject` varchar(200) NOT NULL,
  `ctext` varchar(1000) NOT NULL
) ENGINE=InnoDB DEFAULT CHARSET=latin1;

--
-- Dumping data for table `contact`
--

INSERT INTO `contact` (`cname`, `cemail`, `cmobile`, `csubject`, `ctext`) VALUES
('Mayank', 'mayankkhurmai8@gmail.com', 9720315564, 'Complaint About Product', 'Hello World');

-- --------------------------------------------------------

--
-- Table structure for table `logininfo`
--

CREATE TABLE `logininfo` (
  `uname` varchar(50) NOT NULL,
  `emailadd` varchar(50) NOT NULL,
  `mobileno` bigint(15) NOT NULL,
  `gender` varchar(15) NOT NULL,
  `location` varchar(50) NOT NULL,
  `pass` varchar(50) NOT NULL,
  `hashpass` varchar(100) NOT NULL
) ENGINE=InnoDB DEFAULT CHARSET=latin1;

--
-- Dumping data for table `logininfo`
--

INSERT INTO `logininfo` (`uname`, `emailadd`, `mobileno`, `gender`, `location`, `pass`, `hashpass`) VALUES
('deepak', 'deepak29@gmail.com', 9874563210, 'Male', 'Delhi', 'asdfgh', 'a152e841783914146e4bcd4f39100686'),
('Mayank', 'mayankk@gmail.com', 9720315564, 'Male', 'Uttar Pradesh', 'khurmai', 'e901b88c0198ad207849972cbf1e7cb3'),
('Mitali', 'mitalijain@gmail.com', 7017259116, 'Female', 'Rajasthan', 'jain', 'bf76b73579ee889af8815b497e5c6bbe'),
('Mrudul', 'mrudul@gmail.com', 7905529488, 'Male', 'Uttar Pradesh', 'bhatt', '63c5624834dcfd98978fd70bd7356f4d'),
('Pragati', 'pragati@gmail.com', 7905529488, 'Female', 'Delhi', 'singh', '2865a5b14e5a70273a7d311bfc150f4f'),
('Topper', 'priyasharma@gmail.com', 9027420436, 'Female', 'Uttar Pradesh', 'mayank', '308a3820e4cccbe043cb5228de5e71e3');

-- --------------------------------------------------------

--
-- Table structure for table `productinfo`
--

CREATE TABLE `productinfo` (
  `pid` int(10) NOT NULL,
  `pname` varchar(100) NOT NULL,
  `pmrp` float NOT NULL,
  `pprice` float NOT NULL,
  `psave` float NOT NULL,
  `off` int(5) NOT NULL,
  `pavailable` varchar(50) NOT NULL,
  `pla` varchar(300) NOT NULL,
  `plb` varchar(300) NOT NULL,
  `plc` varchar(300) NOT NULL,
  `pld` varchar(300) NOT NULL,
  `ple` varchar(300) NOT NULL,
  `pdesc` varchar(1000) NOT NULL,
  `pimgadd` varchar(50) NOT NULL
) ENGINE=InnoDB DEFAULT CHARSET=latin1;

--
-- Dumping data for table `productinfo`
--

INSERT INTO `productinfo` (`pid`, `pname`, `pmrp`, `pprice`, `psave`, `off`, `pavailable`, `pla`, `plb`, `plc`, `pld`, `ple`, `pdesc`, `pimgadd`) VALUES
(1, 'Dennis Mens Shirt', 980, 670, 310, 30, 'Currently Available', 'Available in all the Sizes', 'Pure Cotton Shirt', 'Fashionable Shirt', 'Available in the Black, Blue, Red and Orange Colour', 'Attractive Western Design', 'New Tide Plus with extra power detergent, now with the added power of bar, has been developed to bring you brilliant whiteness on your clothes. It removes dirt even from washed clothes to give you even better cleaning. The enzyme formula in the washing powder helps in washing away the toughest stains on the clothes, thus making them look bright and fresh. Kids often soil their clothes, especially school uniforms, with tough-to-remove stains and dirt. Tide Plus with extra power is a fine detergent powder which dissolves easily in water and quickly generates foam. The superior formulation can remove dirt even from difficult-to-clean areas like collars and cuffs and leaves behind a wonderful fragrance. The product works on both white and colored clothes. Extra power refers to vs previous Tide Plus. Tide, a unit of procter and gamble, is the world’s oldest and most trusted detergent brand and is the market leader in 23 countries around the world.', 'images/a1.jpeg'),
(2, 'Streats Mens Regular', 710, 550, 160, 22, 'Currently Available', 'Available in all the Sizes', 'Purely Cotton Shirt', 'Fashionable Shirt', 'Available in the Black, Blue, Red and Orange Colour', 'Attractive Western Design', 'New Tide Plus with extra power detergent, now with the added power of bar, has been developed to bring you brilliant whiteness on your clothes. It removes dirt even from washed clothes to give you even better cleaning. The enzyme formula in the washing powder helps in washing away the toughest stains on the clothes, thus making them look bright and fresh. Kids often soil their clothes, especially school uniforms, with tough-to-remove stains and dirt. Tide Plus with extra power is a fine detergent powder which dissolves easily in water and quickly generates foam. The superior formulation can remove dirt even from difficult-to-clean areas like collars and cuffs and leaves behind a wonderful fragrance. .', 'images/a2.jpeg'),
(3, 'Lions Roar Shirt', 1180, 770, 410, 35, 'Currently Unavailable', 'Available in all the Sizes', 'Pure Cotton Shirt', 'Fashionable Shirt', 'Available in the Black, Blue, Red and Orange Colour', 'Attractive Western Design', 'New Tide Plus with extra power detergent, now with the added power of bar, has been developed to bring you brilliant whiteness on your clothes. It removes dirt even from washed clothes to give you even better cleaning. The enzyme formula in the washing powder helps in washing away the toughest stains on the clothes, thus making them look bright and fresh. Kids often soil their clothes, especially school uniforms, with tough-to-remove stains and dirt. Tide Plus with extra power is a fine detergent powder which dissolves easily in water and quickly generates foam. The superior formulation can remove dirt even from difficult-to-clean areas like collars and cuffs and leaves behind a wonderful fragrance. The product works on both white and colored clothes. Extra power refers to vs previous Tide Plus. Tide, a unit of procter and gamble, is the world’s oldest and most trusted detergent brand and is the market leader in 23 countries around the world.', 'images/a3.jpeg'),
(4, 'Dennim Blue', 1340, 790, 550, 42, 'Currently Available', 'Available in all the Sizes', 'Pure Cotton Shirt', 'Fashionable Shirt', 'Available in the Black, Blue, Red and Orange Colour', 'Attractive Western Design', 'New Tide Plus with extra power detergent, now with the added power of bar, has been developed to bring you brilliant whiteness on your clothes. It removes dirt even from washed clothes to give you even better cleaning. The enzyme formula in the washing powder helps in washing away the toughest stains on the clothes, thus making them look bright and fresh. Kids often soil their clothes, especially school uniforms, with tough-to-remove stains and dirt. Tide Plus with extra power is a fine detergent powder which dissolves easily in water and quickly generates foam. The superior formulation can remove dirt even from difficult-to-clean areas like collars and cuffs and leaves behind a wonderful fragrance. The product works on both white and colored clothes. Extra power refers to vs previous Tide Plus. Tide, a unit of procter and gamble, is the world’s oldest and most trusted detergent brand and is the market leader in 23 countries around the world.', 'images/a4.jpeg'),
(5, 'Lingo Mens cotton', 680, 470, 210, 30, 'Currently Available', 'Pure Cotton Shirt', 'Available in all the Sizes', 'Fashionable Shirt', 'Available in the Black, Blue, Red and Orange Colour', 'Attractive Western Design', 'New Tide Plus with extra power detergent, now with the added power of bar, has been developed to bring you brilliant whiteness on your clothes. It removes dirt even from washed clothes to give you even better cleaning. The enzyme formula in the washing powder helps in washing away the toughest stains on the clothes, thus making them look bright and fresh. Kids often soil their clothes, especially school uniforms, with tough-to-remove stains and dirt. Tide Plus with extra power is a fine detergent powder which dissolves easily in water and quickly generates foam. The superior formulation can remove dirt even from difficult-to-clean areas like collars and cuffs and leaves behind a wonderful fragrance. The product works on both white and colored clothes. Extra power refers to vs previous Tide Plus. Tide, a unit of procter and gamble, is the world’s oldest and most trusted detergent brand and is the market leader in 23 countries around the world.', 'images/a5.jpeg'),
(6, 'Campus Stura Mens', 600, 540, 60, 10, 'Currently Available', 'Pure Cotton Shirt', 'Available in all the Sizes', 'Fashionable Shirt', 'Available in the Black, Blue, Red and Orange Colour', 'Attractive Western Design', 'New Tide Plus with extra power detergent, now with the added power of bar, has been developed to bring you brilliant whiteness on your clothes. It removes dirt even from washed clothes to give you even better cleaning. The enzyme formula in the washing powder helps in washing away the toughest stains on the clothes, thus making them look bright and fresh. Kids often soil their clothes, especially school uniforms, with tough-to-remove stains and dirt. Tide Plus with extra power is a fine detergent powder which dissolves easily in water and quickly generates foam. The superior formulation can remove dirt even from difficult-to-clean areas like collars and cuffs and leaves behind a wonderful fragrance. The product works on both white and colored clothes. Extra power refers to vs previous Tide Plus. Tide, a unit of procter and gamble, is the world’s oldest and most trusted detergent brand and is the market leader in 23 countries around the world.', 'images/a6.jpeg'),
(7, 'Quirky T-Shirt', 780, 400, 380, 50, 'Currently Available', 'Available in all the Sizes', 'Pure Cotton Shirt', 'Fashionable Shirt', 'Available in the Black, Blue, Red and Orange Colour', 'Attractive Western Design', 'New Tide Plus with extra power detergent, now with the added power of bar, has been developed to bring you brilliant whiteness on your clothes. It removes dirt even from washed clothes to give you even better cleaning. The enzyme formula in the washing powder helps in washing away the toughest stains on the clothes, thus making them look bright and fresh. Kids often soil their clothes, especially school uniforms, with tough-to-remove stains and dirt. Tide Plus with extra power is a fine detergent powder which dissolves easily in water and quickly generates foam. The superior formulation can remove dirt even from difficult-to-clean areas like collars and cuffs and leaves behind a wonderful fragrance. The product works on both white and colored clothes. Extra power refers to vs previous Tide Plus. Tide, a unit of procter and gamble, is the world’s oldest and most trusted detergent brand and is the market leader in 23 countries around the world.', 'images/b1.jpeg'),
(8, 'Nighty Kurti', 1100, 550, 550, 50, 'Currently Available', 'Available in all the Sizes', 'Purely Cotton Shirt', 'Fashionable Shirt', 'Available in the Black, Blue, Red and Orange Colour', 'Attractive Western Design', 'New Tide Plus with extra power detergent, now with the added power of bar, has been developed to bring you brilliant whiteness on your clothes. It removes dirt even from washed clothes to give you even better cleaning. The enzyme formula in the washing powder helps in washing away the toughest stains on the clothes, thus making them look bright and fresh. Kids often soil their clothes, especially school uniforms, with tough-to-remove stains and dirt. Tide Plus with extra power is a fine detergent powder which dissolves easily in water and quickly generates foam. The superior formulation can remove dirt even from difficult-to-clean areas like collars and cuffs and leaves behind a wonderful fragrance. .', 'images/b2.jpeg'),
(9, 'Elvis Crop', 1180, 620, 560, 48, 'Currently Unavailable', 'Available in all the Sizes', 'Pure Cotton Shirt', 'Fashionable Shirt', 'Available in the Black, Blue, Red and Orange Colour', 'Attractive Western Design', 'New Tide Plus with extra power detergent, now with the added power of bar, has been developed to bring you brilliant whiteness on your clothes. It removes dirt even from washed clothes to give you even better cleaning. The enzyme formula in the washing powder helps in washing away the toughest stains on the clothes, thus making them look bright and fresh. Kids often soil their clothes, especially school uniforms, with tough-to-remove stains and dirt. Tide Plus with extra power is a fine detergent powder which dissolves easily in water and quickly generates foam. The superior formulation can remove dirt even from difficult-to-clean areas like collars and cuffs and leaves behind a wonderful fragrance. The product works on both white and colored clothes. Extra power refers to vs previous Tide Plus. Tide, a unit of procter and gamble, is the world’s oldest and most trusted detergent brand and is the market leader in 23 countries around the world.', 'images/b3.jpeg'),
(10, 'Party Frok', 650, 450, 200, 30, 'Currently Available', 'Available in all the Sizes', 'Pure Cotton Shirt', 'Fashionable Shirt', 'Available in the Black, Blue, Red and Orange Colour', 'Attractive Western Design', 'New Tide Plus with extra power detergent, now with the added power of bar, has been developed to bring you brilliant whiteness on your clothes. It removes dirt even from washed clothes to give you even better cleaning. The enzyme formula in the washing powder helps in washing away the toughest stains on the clothes, thus making them look bright and fresh. Kids often soil their clothes, especially school uniforms, with tough-to-remove stains and dirt. Tide Plus with extra power is a fine detergent powder which dissolves easily in water and quickly generates foam. The superior formulation can remove dirt even from difficult-to-clean areas like collars and cuffs and leaves behind a wonderful fragrance. The product works on both white and colored clothes. Extra power refers to vs previous Tide Plus. Tide, a unit of procter and gamble, is the world’s oldest and most trusted detergent brand and is the market leader in 23 countries around the world.', 'images/b4.jpeg'),
(11, 'Style Villi T-shirt', 960, 770, 190, 20, 'Currently Available', 'Pure Cotton Shirt', 'Available in all the Sizes', 'Fashionable Shirt', 'Available in the Black, Blue, Red and Orange Colour', 'Attractive Western Design', 'New Tide Plus with extra power detergent, now with the added power of bar, has been developed to bring you brilliant whiteness on your clothes. It removes dirt even from washed clothes to give you even better cleaning. The enzyme formula in the washing powder helps in washing away the toughest stains on the clothes, thus making them look bright and fresh. Kids often soil their clothes, especially school uniforms, with tough-to-remove stains and dirt. Tide Plus with extra power is a fine detergent powder which dissolves easily in water and quickly generates foam. The superior formulation can remove dirt even from difficult-to-clean areas like collars and cuffs and leaves behind a wonderful fragrance. The product works on both white and colored clothes. Extra power refers to vs previous Tide Plus. Tide, a unit of procter and gamble, is the world’s oldest and most trusted detergent brand and is the market leader in 23 countries around the world.', 'images/b5.jpeg'),
(12, 'Party Fashion Gown', 1280, 1070, 210, 17, 'Currently Available', 'Pure Cotton Shirt', 'Available in all the Sizes', 'Fashionable Shirt', 'Available in the Black, Blue, Red and Orange Colour', 'Attractive Western Design', 'New Tide Plus with extra power detergent, now with the added power of bar, has been developed to bring you brilliant whiteness on your clothes. It removes dirt even from washed clothes to give you even better cleaning. The enzyme formula in the washing powder helps in washing away the toughest stains on the clothes, thus making them look bright and fresh. Kids often soil their clothes, especially school uniforms, with tough-to-remove stains and dirt. Tide Plus with extra power is a fine detergent powder which dissolves easily in water and quickly generates foam. The superior formulation can remove dirt even from difficult-to-clean areas like collars and cuffs and leaves behind a wonderful fragrance. The product works on both white and colored clothes. Extra power refers to vs previous Tide Plus. Tide, a unit of procter and gamble, is the world’s oldest and most trusted detergent brand and is the market leader in 23 countries around the world.', 'images/b6.jpeg'),
(13, 'Kids Vockey-Tockey', 1500, 1000, 500, 35, 'Currently Available', 'Available in all the Sizes', 'Pure Cotton Shirt', 'Fashionable Shirt', 'Available in the Black, Blue, Red and Orange Colour', 'Attractive Western Design', 'New Tide Plus with extra power detergent, now with the added power of bar, has been developed to bring you brilliant whiteness on your clothes. It removes dirt even from washed clothes to give you even better cleaning. The enzyme formula in the washing powder helps in washing away the toughest stains on the clothes, thus making them look bright and fresh. Kids often soil their clothes, especially school uniforms, with tough-to-remove stains and dirt. Tide Plus with extra power is a fine detergent powder which dissolves easily in water and quickly generates foam. The superior formulation can remove dirt even from difficult-to-clean areas like collars and cuffs and leaves behind a wonderful fragrance. The product works on both white and colored clothes. Extra power refers to vs previous Tide Plus. Tide, a unit of procter and gamble, is the world’s oldest and most trusted detergent brand and is the market leader in 23 countries around the world.', 'images/c1.jpeg'),
(14, 'Hfid Speaker', 2180, 1750, 430, 20, 'Currently Available', 'Available in all the Sizes', 'Purely Cotton Shirt', 'Fashionable Shirt', 'Available in the Black, Blue, Red and Orange Colour', 'Attractive Western Design', 'New Tide Plus with extra power detergent, now with the added power of bar, has been developed to bring you brilliant whiteness on your clothes. It removes dirt even from washed clothes to give you even better cleaning. The enzyme formula in the washing powder helps in washing away the toughest stains on the clothes, thus making them look bright and fresh. Kids often soil their clothes, especially school uniforms, with tough-to-remove stains and dirt. Tide Plus with extra power is a fine detergent powder which dissolves easily in water and quickly generates foam. The superior formulation can remove dirt even from difficult-to-clean areas like collars and cuffs and leaves behind a wonderful fragrance. .', 'images/c2.jpeg'),
(15, '2-USB Speaker', 970, 640, 330, 35, 'Currently Unavailable', 'Available in all the Sizes', 'Pure Cotton Shirt', 'Fashionable Shirt', 'Available in the Black, Blue, Red and Orange Colour', 'Attractive Western Design', 'New Tide Plus with extra power detergent, now with the added power of bar, has been developed to bring you brilliant whiteness on your clothes. It removes dirt even from washed clothes to give you even better cleaning. The enzyme formula in the washing powder helps in washing away the toughest stains on the clothes, thus making them look bright and fresh. Kids often soil their clothes, especially school uniforms, with tough-to-remove stains and dirt. Tide Plus with extra power is a fine detergent powder which dissolves easily in water and quickly generates foam. The superior formulation can remove dirt even from difficult-to-clean areas like collars and cuffs and leaves behind a wonderful fragrance. The product works on both white and colored clothes. Extra power refers to vs previous Tide Plus. Tide, a unit of procter and gamble, is the world’s oldest and most trusted detergent brand and is the market leader in 23 countries around the world.', 'images/c3.jpeg'),
(16, 'Resberi Pi', 1380, 1200, 180, 14, 'Currently Available', 'Available in all the Sizes', 'Pure Cotton Shirt', 'Fashionable Shirt', 'Available in the Black, Blue, Red and Orange Colour', 'Attractive Western Design', 'New Tide Plus with extra power detergent, now with the added power of bar, has been developed to bring you brilliant whiteness on your clothes. It removes dirt even from washed clothes to give you even better cleaning. The enzyme formula in the washing powder helps in washing away the toughest stains on the clothes, thus making them look bright and fresh. Kids often soil their clothes, especially school uniforms, with tough-to-remove stains and dirt. Tide Plus with extra power is a fine detergent powder which dissolves easily in water and quickly generates foam. The superior formulation can remove dirt even from difficult-to-clean areas like collars and cuffs and leaves behind a wonderful fragrance. The product works on both white and colored clothes. Extra power refers to vs previous Tide Plus. Tide, a unit of procter and gamble, is the world’s oldest and most trusted detergent brand and is the market leader in 23 countries around the world.', 'images/c4.jpeg'),
(17, 'Mobile Stand', 480, 230, 250, 53, 'Currently Available', 'Pure Cotton Shirt', 'Available in all the Sizes', 'Fashionable Shirt', 'Available in the Black, Blue, Red and Orange Colour', 'Attractive Western Design', 'New Tide Plus with extra power detergent, now with the added power of bar, has been developed to bring you brilliant whiteness on your clothes. It removes dirt even from washed clothes to give you even better cleaning. The enzyme formula in the washing powder helps in washing away the toughest stains on the clothes, thus making them look bright and fresh. Kids often soil their clothes, especially school uniforms, with tough-to-remove stains and dirt. Tide Plus with extra power is a fine detergent powder which dissolves easily in water and quickly generates foam. The superior formulation can remove dirt even from difficult-to-clean areas like collars and cuffs and leaves behind a wonderful fragrance. The product works on both white and colored clothes. Extra power refers to vs previous Tide Plus. Tide, a unit of procter and gamble, is the world’s oldest and most trusted detergent brand and is the market leader in 23 countries around the world.', 'images/c5.jpeg'),
(18, 'USB Hardisk', 1980, 1770, 210, 10, 'Currently Available', 'Pure Cotton Shirt', 'Available in all the Sizes', 'Fashionable Shirt', 'Available in the Black, Blue, Red and Orange Colour', 'Attractive Western Design', 'New Tide Plus with extra power detergent, now with the added power of bar, has been developed to bring you brilliant whiteness on your clothes. It removes dirt even from washed clothes to give you even better cleaning. The enzyme formula in the washing powder helps in washing away the toughest stains on the clothes, thus making them look bright and fresh. Kids often soil their clothes, especially school uniforms, with tough-to-remove stains and dirt. Tide Plus with extra power is a fine detergent powder which dissolves easily in water and quickly generates foam. The superior formulation can remove dirt even from difficult-to-clean areas like collars and cuffs and leaves behind a wonderful fragrance. The product works on both white and colored clothes. Extra power refers to vs previous Tide Plus. Tide, a unit of procter and gamble, is the world’s oldest and most trusted detergent brand and is the market leader in 23 countries around the world.', 'images/c6.jpeg'),
(19, 'Android Galaxy', 19800, 16700, 3100, 15, 'Currently Available', 'Available in all the Sizes', 'Pure Cotton Shirt', 'Fashionable Shirt', 'Available in the Black, Blue, Red and Orange Colour', 'Attractive Western Design', 'New Tide Plus with extra power detergent, now with the added power of bar, has been developed to bring you brilliant whiteness on your clothes. It removes dirt even from washed clothes to give you even better cleaning. The enzyme formula in the washing powder helps in washing away the toughest stains on the clothes, thus making them look bright and fresh. Kids often soil their clothes, especially school uniforms, with tough-to-remove stains and dirt. Tide Plus with extra power is a fine detergent powder which dissolves easily in water and quickly generates foam. The superior formulation can remove dirt even from difficult-to-clean areas like collars and cuffs and leaves behind a wonderful fragrance. The product works on both white and colored clothes. Extra power refers to vs previous Tide Plus. Tide, a unit of procter and gamble, is the world’s oldest and most trusted detergent brand and is the market leader in 23 countries around the world.', 'images/d1.jpeg'),
(20, 'Touchscreen Android', 13800, 12700, 1100, 8, 'Currently Available', 'Available in all the Sizes', 'Purely Cotton Shirt', 'Fashionable Shirt', 'Available in the Black, Blue, Red and Orange Colour', 'Attractive Western Design', 'New Tide Plus with extra power detergent, now with the added power of bar, has been developed to bring you brilliant whiteness on your clothes. It removes dirt even from washed clothes to give you even better cleaning. The enzyme formula in the washing powder helps in washing away the toughest stains on the clothes, thus making them look bright and fresh. Kids often soil their clothes, especially school uniforms, with tough-to-remove stains and dirt. Tide Plus with extra power is a fine detergent powder which dissolves easily in water and quickly generates foam. The superior formulation can remove dirt even from difficult-to-clean areas like collars and cuffs and leaves behind a wonderful fragrance. .', 'images/d2.jpeg'),
(21, 'Samsung Galaxy', 28800, 26700, 2100, 10, 'Currently Unavailable', 'Available in all the Sizes', 'Pure Cotton Shirt', 'Fashionable Shirt', 'Available in the Black, Blue, Red and Orange Colour', 'Attractive Western Design', 'New Tide Plus with extra power detergent, now with the added power of bar, has been developed to bring you brilliant whiteness on your clothes. It removes dirt even from washed clothes to give you even better cleaning. The enzyme formula in the washing powder helps in washing away the toughest stains on the clothes, thus making them look bright and fresh. Kids often soil their clothes, especially school uniforms, with tough-to-remove stains and dirt. Tide Plus with extra power is a fine detergent powder which dissolves easily in water and quickly generates foam. The superior formulation can remove dirt even from difficult-to-clean areas like collars and cuffs and leaves behind a wonderful fragrance. The product works on both white and colored clothes. Extra power refers to vs previous Tide Plus. Tide, a unit of procter and gamble, is the world’s oldest and most trusted detergent brand and is the market leader in 23 countries around the world.', 'images/d3.jpeg'),
(22, 'Vivo Triple V9', 21900, 18500, 3400, 15, 'Currently Available', 'Available in all the Sizes', 'Pure Cotton Shirt', 'Fashionable Shirt', 'Available in the Black, Blue, Red and Orange Colour', 'Attractive Western Design', 'New Tide Plus with extra power detergent, now with the added power of bar, has been developed to bring you brilliant whiteness on your clothes. It removes dirt even from washed clothes to give you even better cleaning. The enzyme formula in the washing powder helps in washing away the toughest stains on the clothes, thus making them look bright and fresh. Kids often soil their clothes, especially school uniforms, with tough-to-remove stains and dirt. Tide Plus with extra power is a fine detergent powder which dissolves easily in water and quickly generates foam. The superior formulation can remove dirt even from difficult-to-clean areas like collars and cuffs and leaves behind a wonderful fragrance. The product works on both white and colored clothes. Extra power refers to vs previous Tide Plus. Tide, a unit of procter and gamble, is the world’s oldest and most trusted detergent brand and is the market leader in 23 countries around the world.', 'images/d4.jpeg'),
(23, 'Motorola Green', 37900, 36500, 1400, 5, 'Currently Available', 'Pure Cotton Shirt', 'Available in all the Sizes', 'Fashionable Shirt', 'Available in the Black, Blue, Red and Orange Colour', 'Attractive Western Design', 'New Tide Plus with extra power detergent, now with the added power of bar, has been developed to bring you brilliant whiteness on your clothes. It removes dirt even from washed clothes to give you even better cleaning. The enzyme formula in the washing powder helps in washing away the toughest stains on the clothes, thus making them look bright and fresh. Kids often soil their clothes, especially school uniforms, with tough-to-remove stains and dirt. Tide Plus with extra power is a fine detergent powder which dissolves easily in water and quickly generates foam. The superior formulation can remove dirt even from difficult-to-clean areas like collars and cuffs and leaves behind a wonderful fragrance. The product works on both white and colored clothes. Extra power refers to vs previous Tide Plus. Tide, a unit of procter and gamble, is the world’s oldest and most trusted detergent brand and is the market leader in 23 countries around the world.', 'images/d5.jpeg'),
(24, 'Black Shirt a', 15800, 12700, 2100, 20, 'Currently Available', 'Pure Cotton Shirt', 'Available in all the Sizes', 'Fashionable Shirt', 'Available in the Black, Blue, Red and Orange Colour', 'Attractive Western Design', 'New Tide Plus with extra power detergent, now with the added power of bar, has been developed to bring you brilliant whiteness on your clothes. It removes dirt even from washed clothes to give you even better cleaning. The enzyme formula in the washing powder helps in washing away the toughest stains on the clothes, thus making them look bright and fresh. Kids often soil their clothes, especially school uniforms, with tough-to-remove stains and dirt. Tide Plus with extra power is a fine detergent powder which dissolves easily in water and quickly generates foam. The superior formulation can remove dirt even from difficult-to-clean areas like collars and cuffs and leaves behind a wonderful fragrance. The product works on both white and colored clothes. Extra power refers to vs previous Tide Plus. Tide, a unit of procter and gamble, is the world’s oldest and most trusted detergent brand and is the market leader in 23 countries around the world.', 'images/d6.jpeg'),
(25, 'Handball', 1340, 670, 670, 50, 'Currently Available', 'Available in all the Sizes', 'Pure Cotton Shirt', 'Fashionable Shirt', 'Available in the Black, Blue, Red and Orange Colour', 'Attractive Western Design', 'New Tide Plus with extra power detergent, now with the added power of bar, has been developed to bring you brilliant whiteness on your clothes. It removes dirt even from washed clothes to give you even better cleaning. The enzyme formula in the washing powder helps in washing away the toughest stains on the clothes, thus making them look bright and fresh. Kids often soil their clothes, especially school uniforms, with tough-to-remove stains and dirt. Tide Plus with extra power is a fine detergent powder which dissolves easily in water and quickly generates foam. The superior formulation can remove dirt even from difficult-to-clean areas like collars and cuffs and leaves behind a wonderful fragrance. The product works on both white and colored clothes. Extra power refers to vs previous Tide Plus. Tide, a unit of procter and gamble, is the world’s oldest and most trusted detergent brand and is the market leader in 23 countries around the world.', 'images/e1.jpeg'),
(26, 'Baseball And Softball', 980, 570, 410, 48, 'Currently Available', 'Available in all the Sizes', 'Purely Cotton Shirt', 'Fashionable Shirt', 'Available in the Black, Blue, Red and Orange Colour', 'Attractive Western Design', 'New Tide Plus with extra power detergent, now with the added power of bar, has been developed to bring you brilliant whiteness on your clothes. It removes dirt even from washed clothes to give you even better cleaning. The enzyme formula in the washing powder helps in washing away the toughest stains on the clothes, thus making them look bright and fresh. Kids often soil their clothes, especially school uniforms, with tough-to-remove stains and dirt. Tide Plus with extra power is a fine detergent powder which dissolves easily in water and quickly generates foam. The superior formulation can remove dirt even from difficult-to-clean areas like collars and cuffs and leaves behind a wonderful fragrance. .', 'images/e2.jpeg'),
(27, 'Gym Running', 9100, 8000, 1100, 13, 'Currently Unavailable', 'Available in all the Sizes', 'Pure Cotton Shirt', 'Fashionable Shirt', 'Available in the Black, Blue, Red and Orange Colour', 'Attractive Western Design', 'New Tide Plus with extra power detergent, now with the added power of bar, has been developed to bring you brilliant whiteness on your clothes. It removes dirt even from washed clothes to give you even better cleaning. The enzyme formula in the washing powder helps in washing away the toughest stains on the clothes, thus making them look bright and fresh. Kids often soil their clothes, especially school uniforms, with tough-to-remove stains and dirt. Tide Plus with extra power is a fine detergent powder which dissolves easily in water and quickly generates foam. The superior formulation can remove dirt even from difficult-to-clean areas like collars and cuffs and leaves behind a wonderful fragrance. The product works on both white and colored clothes. Extra power refers to vs previous Tide Plus. Tide, a unit of procter and gamble, is the world’s oldest and most trusted detergent brand and is the market leader in 23 countries around the world.', 'images/e3.jpeg'),
(28, 'Cricket Bat', 1000, 500, 500, 50, 'Currently Available', 'Available in all the Sizes', 'Pure Cotton Shirt', 'Fashionable Shirt', 'Available in the Black, Blue, Red and Orange Colour', 'Attractive Western Design', 'New Tide Plus with extra power detergent, now with the added power of bar, has been developed to bring you brilliant whiteness on your clothes. It removes dirt even from washed clothes to give you even better cleaning. The enzyme formula in the washing powder helps in washing away the toughest stains on the clothes, thus making them look bright and fresh. Kids often soil their clothes, especially school uniforms, with tough-to-remove stains and dirt. Tide Plus with extra power is a fine detergent powder which dissolves easily in water and quickly generates foam. The superior formulation can remove dirt even from difficult-to-clean areas like collars and cuffs and leaves behind a wonderful fragrance. The product works on both white and colored clothes. Extra power refers to vs previous Tide Plus. Tide, a unit of procter and gamble, is the world’s oldest and most trusted detergent brand and is the market leader in 23 countries around the world.', 'images/e4.jpeg'),
(29, 'Cricket kit', 2300, 2000, 300, 15, 'Currently Available', 'Pure Cotton Shirt', 'Available in all the Sizes', 'Fashionable Shirt', 'Available in the Black, Blue, Red and Orange Colour', 'Attractive Western Design', 'New Tide Plus with extra power detergent, now with the added power of bar, has been developed to bring you brilliant whiteness on your clothes. It removes dirt even from washed clothes to give you even better cleaning. The enzyme formula in the washing powder helps in washing away the toughest stains on the clothes, thus making them look bright and fresh. Kids often soil their clothes, especially school uniforms, with tough-to-remove stains and dirt. Tide Plus with extra power is a fine detergent powder which dissolves easily in water and quickly generates foam. The superior formulation can remove dirt even from difficult-to-clean areas like collars and cuffs and leaves behind a wonderful fragrance. The product works on both white and colored clothes. Extra power refers to vs previous Tide Plus. Tide, a unit of procter and gamble, is the world’s oldest and most trusted detergent brand and is the market leader in 23 countries around the world.', 'images/e5.jpeg'),
(30, 'Badminton Set', 980, 750, 230, 25, 'Currently Available', 'Pure Cotton Shirt', 'Available in all the Sizes', 'Fashionable Shirt', 'Available in the Black, Blue, Red and Orange Colour', 'Attractive Western Design', 'New Tide Plus with extra power detergent, now with the added power of bar, has been developed to bring you brilliant whiteness on your clothes. It removes dirt even from washed clothes to give you even better cleaning. The enzyme formula in the washing powder helps in washing away the toughest stains on the clothes, thus making them look bright and fresh. Kids often soil their clothes, especially school uniforms, with tough-to-remove stains and dirt. Tide Plus with extra power is a fine detergent powder which dissolves easily in water and quickly generates foam. The superior formulation can remove dirt even from difficult-to-clean areas like collars and cuffs and leaves behind a wonderful fragrance. The product works on both white and colored clothes. Extra power refers to vs previous Tide Plus. Tide, a unit of procter and gamble, is the world’s oldest and most trusted detergent brand and is the market leader in 23 countries around the world.', 'images/e6.jpeg'),
(31, 'Study Table', 2800, 2700, 100, 5, 'Currently Available', 'Available in all the Sizes', 'Pure Cotton Shirt', 'Fashionable Shirt', 'Available in the Black, Blue, Red and Orange Colour', 'Attractive Western Design', 'New Tide Plus with extra power detergent, now with the added power of bar, has been developed to bring you brilliant whiteness on your clothes. It removes dirt even from washed clothes to give you even better cleaning. The enzyme formula in the washing powder helps in washing away the toughest stains on the clothes, thus making them look bright and fresh. Kids often soil their clothes, especially school uniforms, with tough-to-remove stains and dirt. Tide Plus with extra power is a fine detergent powder which dissolves easily in water and quickly generates foam. The superior formulation can remove dirt even from difficult-to-clean areas like collars and cuffs and leaves behind a wonderful fragrance. The product works on both white and colored clothes. Extra power refers to vs previous Tide Plus. Tide, a unit of procter and gamble, is the world’s oldest and most trusted detergent brand and is the market leader in 23 countries around the world.', 'images/f1.jpeg'),
(32, 'Dinning Table', 6880, 6000, 880, 13, 'Currently Available', 'Available in all the Sizes', 'Purely Cotton Shirt', 'Fashionable Shirt', 'Available in the Black, Blue, Red and Orange Colour', 'Attractive Western Design', 'New Tide Plus with extra power detergent, now with the added power of bar, has been developed to bring you brilliant whiteness on your clothes. It removes dirt even from washed clothes to give you even better cleaning. The enzyme formula in the washing powder helps in washing away the toughest stains on the clothes, thus making them look bright and fresh. Kids often soil their clothes, especially school uniforms, with tough-to-remove stains and dirt. Tide Plus with extra power is a fine detergent powder which dissolves easily in water and quickly generates foam. The superior formulation can remove dirt even from difficult-to-clean areas like collars and cuffs and leaves behind a wonderful fragrance. .', 'images/f2.jpeg'),
(33, 'Soft Sofa', 2900, 2700, 200, 7, 'Currently Unavailable', 'Available in all the Sizes', 'Pure Cotton Shirt', 'Fashionable Shirt', 'Available in the Black, Blue, Red and Orange Colour', 'Attractive Western Design', 'New Tide Plus with extra power detergent, now with the added power of bar, has been developed to bring you brilliant whiteness on your clothes. It removes dirt even from washed clothes to give you even better cleaning. The enzyme formula in the washing powder helps in washing away the toughest stains on the clothes, thus making them look bright and fresh. Kids often soil their clothes, especially school uniforms, with tough-to-remove stains and dirt. Tide Plus with extra power is a fine detergent powder which dissolves easily in water and quickly generates foam. The superior formulation can remove dirt even from difficult-to-clean areas like collars and cuffs and leaves behind a wonderful fragrance. The product works on both white and colored clothes. Extra power refers to vs previous Tide Plus. Tide, a unit of procter and gamble, is the world’s oldest and most trusted detergent brand and is the market leader in 23 countries around the world.', 'images/f3.jpeg'),
(34, 'Vertical Table', 800, 700, 100, 12, 'Currently Available', 'Available in all the Sizes', 'Pure Cotton Shirt', 'Fashionable Shirt', 'Available in the Black, Blue, Red and Orange Colour', 'Attractive Western Design', 'New Tide Plus with extra power detergent, now with the added power of bar, has been developed to bring you brilliant whiteness on your clothes. It removes dirt even from washed clothes to give you even better cleaning. The enzyme formula in the washing powder helps in washing away the toughest stains on the clothes, thus making them look bright and fresh. Kids often soil their clothes, especially school uniforms, with tough-to-remove stains and dirt. Tide Plus with extra power is a fine detergent powder which dissolves easily in water and quickly generates foam. The superior formulation can remove dirt even from difficult-to-clean areas like collars and cuffs and leaves behind a wonderful fragrance. The product works on both white and colored clothes. Extra power refers to vs previous Tide Plus. Tide, a unit of procter and gamble, is the world’s oldest and most trusted detergent brand and is the market leader in 23 countries around the world.', 'images/f4.jpeg'),
(35, 'Bharat Safe', 7500, 7000, 500, 8, 'Currently Available', 'Pure Cotton Shirt', 'Available in all the Sizes', 'Fashionable Shirt', 'Available in the Black, Blue, Red and Orange Colour', 'Attractive Western Design', 'New Tide Plus with extra power detergent, now with the added power of bar, has been developed to bring you brilliant whiteness on your clothes. It removes dirt even from washed clothes to give you even better cleaning. The enzyme formula in the washing powder helps in washing away the toughest stains on the clothes, thus making them look bright and fresh. Kids often soil their clothes, especially school uniforms, with tough-to-remove stains and dirt. Tide Plus with extra power is a fine detergent powder which dissolves easily in water and quickly generates foam. The superior formulation can remove dirt even from difficult-to-clean areas like collars and cuffs and leaves behind a wonderful fragrance. The product works on both white and colored clothes. Extra power refers to vs previous Tide Plus. Tide, a unit of procter and gamble, is the world’s oldest and most trusted detergent brand and is the market leader in 23 countries around the world.', 'images/f5.jpeg'),
(36, 'Double Bed', 9700, 8500, 1200, 13, 'Currently Available', 'Pure Cotton Shirt', 'Available in all the Sizes', 'Fashionable Shirt', 'Available in the Black, Blue, Red and Orange Colour', 'Attractive Western Design', 'New Tide Plus with extra power detergent, now with the added power of bar, has been developed to bring you brilliant whiteness on your clothes. It removes dirt even from washed clothes to give you even better cleaning. The enzyme formula in the washing powder helps in washing away the toughest stains on the clothes, thus making them look bright and fresh. Kids often soil their clothes, especially school uniforms, with tough-to-remove stains and dirt. Tide Plus with extra power is a fine detergent powder which dissolves easily in water and quickly generates foam. The superior formulation can remove dirt even from difficult-to-clean areas like collars and cuffs and leaves behind a wonderful fragrance. The product works on both white and colored clothes. Extra power refers to vs previous Tide Plus. Tide, a unit of procter and gamble, is the world’s oldest and most trusted detergent brand and is the market leader in 23 countries around the world.', 'images/f6.jpeg'),
(37, 'Boys White Shoes', 900, 600, 300, 32, 'Currently Available', 'Available in all the Sizes', 'Pure Cotton Shirt', 'Fashionable Shirt', 'Available in the Black, Blue, Red and Orange Colour', 'Attractive Western Design', 'New Tide Plus with extra power detergent, now with the added power of bar, has been developed to bring you brilliant whiteness on your clothes. It removes dirt even from washed clothes to give you even better cleaning. The enzyme formula in the washing powder helps in washing away the toughest stains on the clothes, thus making them look bright and fresh. Kids often soil their clothes, especially school uniforms, with tough-to-remove stains and dirt. Tide Plus with extra power is a fine detergent powder which dissolves easily in water and quickly generates foam. The superior formulation can remove dirt even from difficult-to-clean areas like collars and cuffs and leaves behind a wonderful fragrance. The product works on both white and colored clothes. Extra power refers to vs previous Tide Plus. Tide, a unit of procter and gamble, is the world’s oldest and most trusted detergent brand and is the market leader in 23 countries around the world.', 'images/g1.jpeg'),
(38, 'Desnis Black Shoes', 1450, 1300, 150, 10, 'Currently Available', 'Available in all the Sizes', 'Purely Cotton Shirt', 'Fashionable Shirt', 'Available in the Black, Blue, Red and Orange Colour', 'Attractive Western Design', 'New Tide Plus with extra power detergent, now with the added power of bar, has been developed to bring you brilliant whiteness on your clothes. It removes dirt even from washed clothes to give you even better cleaning. The enzyme formula in the washing powder helps in washing away the toughest stains on the clothes, thus making them look bright and fresh. Kids often soil their clothes, especially school uniforms, with tough-to-remove stains and dirt. Tide Plus with extra power is a fine detergent powder which dissolves easily in water and quickly generates foam. The superior formulation can remove dirt even from difficult-to-clean areas like collars and cuffs and leaves behind a wonderful fragrance. .', 'images/g2.jpeg'),
(39, 'Adidas Shoes', 2750, 2400, 350, 13, 'Currently Unavailable', 'Available in all the Sizes', 'Pure Cotton Shirt', 'Fashionable Shirt', 'Available in the Black, Blue, Red and Orange Colour', 'Attractive Western Design', 'New Tide Plus with extra power detergent, now with the added power of bar, has been developed to bring you brilliant whiteness on your clothes. It removes dirt even from washed clothes to give you even better cleaning. The enzyme formula in the washing powder helps in washing away the toughest stains on the clothes, thus making them look bright and fresh. Kids often soil their clothes, especially school uniforms, with tough-to-remove stains and dirt. Tide Plus with extra power is a fine detergent powder which dissolves easily in water and quickly generates foam. The superior formulation can remove dirt even from difficult-to-clean areas like collars and cuffs and leaves behind a wonderful fragrance. The product works on both white and colored clothes. Extra power refers to vs previous Tide Plus. Tide, a unit of procter and gamble, is the world’s oldest and most trusted detergent brand and is the market leader in 23 countries around the world.', 'images/g3.jpeg'),
(40, 'Adidas Black', 2300, 2200, 100, 5, 'Currently Available', 'Available in all the Sizes', 'Pure Cotton Shirt', 'Fashionable Shirt', 'Available in the Black, Blue, Red and Orange Colour', 'Attractive Western Design', 'New Tide Plus with extra power detergent, now with the added power of bar, has been developed to bring you brilliant whiteness on your clothes. It removes dirt even from washed clothes to give you even better cleaning. The enzyme formula in the washing powder helps in washing away the toughest stains on the clothes, thus making them look bright and fresh. Kids often soil their clothes, especially school uniforms, with tough-to-remove stains and dirt. Tide Plus with extra power is a fine detergent powder which dissolves easily in water and quickly generates foam. The superior formulation can remove dirt even from difficult-to-clean areas like collars and cuffs and leaves behind a wonderful fragrance. The product works on both white and colored clothes. Extra power refers to vs previous Tide Plus. Tide, a unit of procter and gamble, is the world’s oldest and most trusted detergent brand and is the market leader in 23 countries around the world.', 'images/g4.jpeg'),
(41, 'Gradient Shoes', 2000, 1100, 900, 45, 'Currently Available', 'Pure Cotton Shirt', 'Available in all the Sizes', 'Fashionable Shirt', 'Available in the Black, Blue, Red and Orange Colour', 'Attractive Western Design', 'New Tide Plus with extra power detergent, now with the added power of bar, has been developed to bring you brilliant whiteness on your clothes. It removes dirt even from washed clothes to give you even better cleaning. The enzyme formula in the washing powder helps in washing away the toughest stains on the clothes, thus making them look bright and fresh. Kids often soil their clothes, especially school uniforms, with tough-to-remove stains and dirt. Tide Plus with extra power is a fine detergent powder which dissolves easily in water and quickly generates foam. The superior formulation can remove dirt even from difficult-to-clean areas like collars and cuffs and leaves behind a wonderful fragrance. The product works on both white and colored clothes. Extra power refers to vs previous Tide Plus. Tide, a unit of procter and gamble, is the world’s oldest and most trusted detergent brand and is the market leader in 23 countries around the world.', 'images/g5.jpeg'),
(42, 'Multi Color Shoes', 900, 700, 200, 22, 'Currently Available', 'Pure Cotton Shirt', 'Available in all the Sizes', 'Fashionable Shirt', 'Available in the Black, Blue, Red and Orange Colour', 'Attractive Western Design', 'New Tide Plus with extra power detergent, now with the added power of bar, has been developed to bring you brilliant whiteness on your clothes. It removes dirt even from washed clothes to give you even better cleaning. The enzyme formula in the washing powder helps in washing away the toughest stains on the clothes, thus making them look bright and fresh. Kids often soil their clothes, especially school uniforms, with tough-to-remove stains and dirt. Tide Plus with extra power is a fine detergent powder which dissolves easily in water and quickly generates foam. The superior formulation can remove dirt even from difficult-to-clean areas like collars and cuffs and leaves behind a wonderful fragrance. The product works on both white and colored clothes. Extra power refers to vs previous Tide Plus. Tide, a unit of procter and gamble, is the world’s oldest and most trusted detergent brand and is the market leader in 23 countries around the world.', 'images/g6.jpeg');
INSERT INTO `productinfo` (`pid`, `pname`, `pmrp`, `pprice`, `psave`, `off`, `pavailable`, `pla`, `plb`, `plc`, `pld`, `ple`, `pdesc`, `pimgadd`) VALUES
(43, 'Redlix Watch', 2200, 2000, 200, 10, 'Currently Available', 'Available in all the Sizes', 'Pure Cotton Shirt', 'Fashionable Shirt', 'Available in the Black, Blue, Red and Orange Colour', 'Attractive Western Design', 'New Tide Plus with extra power detergent, now with the added power of bar, has been developed to bring you brilliant whiteness on your clothes. It removes dirt even from washed clothes to give you even better cleaning. The enzyme formula in the washing powder helps in washing away the toughest stains on the clothes, thus making them look bright and fresh. Kids often soil their clothes, especially school uniforms, with tough-to-remove stains and dirt. Tide Plus with extra power is a fine detergent powder which dissolves easily in water and quickly generates foam. The superior formulation can remove dirt even from difficult-to-clean areas like collars and cuffs and leaves behind a wonderful fragrance. The product works on both white and colored clothes. Extra power refers to vs previous Tide Plus. Tide, a unit of procter and gamble, is the world’s oldest and most trusted detergent brand and is the market leader in 23 countries around the world.', 'images/h1.jpeg'),
(44, 'Wrist Watch', 1980, 1700, 280, 15, 'Currently Available', 'Available in all the Sizes', 'Purely Cotton Shirt', 'Fashionable Shirt', 'Available in the Black, Blue, Red and Orange Colour', 'Attractive Western Design', 'New Tide Plus with extra power detergent, now with the added power of bar, has been developed to bring you brilliant whiteness on your clothes. It removes dirt even from washed clothes to give you even better cleaning. The enzyme formula in the washing powder helps in washing away the toughest stains on the clothes, thus making them look bright and fresh. Kids often soil their clothes, especially school uniforms, with tough-to-remove stains and dirt. Tide Plus with extra power is a fine detergent powder which dissolves easily in water and quickly generates foam. The superior formulation can remove dirt even from difficult-to-clean areas like collars and cuffs and leaves behind a wonderful fragrance. .', 'images/h2.jpeg'),
(45, 'Multi Shade Watch', 1580, 1470, 110, 7, 'Currently Unavailable', 'Available in all the Sizes', 'Pure Cotton Shirt', 'Fashionable Shirt', 'Available in the Black, Blue, Red and Orange Colour', 'Attractive Western Design', 'New Tide Plus with extra power detergent, now with the added power of bar, has been developed to bring you brilliant whiteness on your clothes. It removes dirt even from washed clothes to give you even better cleaning. The enzyme formula in the washing powder helps in washing away the toughest stains on the clothes, thus making them look bright and fresh. Kids often soil their clothes, especially school uniforms, with tough-to-remove stains and dirt. Tide Plus with extra power is a fine detergent powder which dissolves easily in water and quickly generates foam. The superior formulation can remove dirt even from difficult-to-clean areas like collars and cuffs and leaves behind a wonderful fragrance. The product works on both white and colored clothes. Extra power refers to vs previous Tide Plus. Tide, a unit of procter and gamble, is the world’s oldest and most trusted detergent brand and is the market leader in 23 countries around the world.', 'images/h3.jpeg'),
(46, 'Wodden Style Watch', 1500, 800, 700, 47, 'Currently Available', 'Available in all the Sizes', 'Pure Cotton Shirt', 'Fashionable Shirt', 'Available in the Black, Blue, Red and Orange Colour', 'Attractive Western Design', 'New Tide Plus with extra power detergent, now with the added power of bar, has been developed to bring you brilliant whiteness on your clothes. It removes dirt even from washed clothes to give you even better cleaning. The enzyme formula in the washing powder helps in washing away the toughest stains on the clothes, thus making them look bright and fresh. Kids often soil their clothes, especially school uniforms, with tough-to-remove stains and dirt. Tide Plus with extra power is a fine detergent powder which dissolves easily in water and quickly generates foam. The superior formulation can remove dirt even from difficult-to-clean areas like collars and cuffs and leaves behind a wonderful fragrance. The product works on both white and colored clothes. Extra power refers to vs previous Tide Plus. Tide, a unit of procter and gamble, is the world’s oldest and most trusted detergent brand and is the market leader in 23 countries around the world.', 'images/h4.jpeg'),
(47, 'Golden Watch', 1200, 1000, 200, 17, 'Currently Available', 'Pure Cotton Shirt', 'Available in all the Sizes', 'Fashionable Shirt', 'Available in the Black, Blue, Red and Orange Colour', 'Attractive Western Design', 'New Tide Plus with extra power detergent, now with the added power of bar, has been developed to bring you brilliant whiteness on your clothes. It removes dirt even from washed clothes to give you even better cleaning. The enzyme formula in the washing powder helps in washing away the toughest stains on the clothes, thus making them look bright and fresh. Kids often soil their clothes, especially school uniforms, with tough-to-remove stains and dirt. Tide Plus with extra power is a fine detergent powder which dissolves easily in water and quickly generates foam. The superior formulation can remove dirt even from difficult-to-clean areas like collars and cuffs and leaves behind a wonderful fragrance. The product works on both white and colored clothes. Extra power refers to vs previous Tide Plus. Tide, a unit of procter and gamble, is the world’s oldest and most trusted detergent brand and is the market leader in 23 countries around the world.', 'images/h5.jpeg'),
(48, 'Proffesional Watch', 1500, 1400, 100, 7, 'Currently Available', 'Pure Cotton Shirt', 'Available in all the Sizes', 'Fashionable Shirt', 'Available in the Black, Blue, Red and Orange Colour', 'Attractive Western Design', 'New Tide Plus with extra power detergent, now with the added power of bar, has been developed to bring you brilliant whiteness on your clothes. It removes dirt even from washed clothes to give you even better cleaning. The enzyme formula in the washing powder helps in washing away the toughest stains on the clothes, thus making them look bright and fresh. Kids often soil their clothes, especially school uniforms, with tough-to-remove stains and dirt. Tide Plus with extra power is a fine detergent powder which dissolves easily in water and quickly generates foam. The superior formulation can remove dirt even from difficult-to-clean areas like collars and cuffs and leaves behind a wonderful fragrance. The product works on both white and colored clothes. Extra power refers to vs previous Tide Plus. Tide, a unit of procter and gamble, is the world’s oldest and most trusted detergent brand and is the market leader in 23 countries around the world.', 'images/h6.jpeg'),
(49, 'Plastic Mug-Plate', 2300, 1300, 1000, 45, 'Currently Available', 'Available in all the Sizes', 'Pure Cotton Shirt', 'Fashionable Shirt', 'Available in the Black, Blue, Red and Orange Colour', 'Attractive Western Design', 'New Tide Plus with extra power detergent, now with the added power of bar, has been developed to bring you brilliant whiteness on your clothes. It removes dirt even from washed clothes to give you even better cleaning. The enzyme formula in the washing powder helps in washing away the toughest stains on the clothes, thus making them look bright and fresh. Kids often soil their clothes, especially school uniforms, with tough-to-remove stains and dirt. Tide Plus with extra power is a fine detergent powder which dissolves easily in water and quickly generates foam. The superior formulation can remove dirt even from difficult-to-clean areas like collars and cuffs and leaves behind a wonderful fragrance. The product works on both white and colored clothes. Extra power refers to vs previous Tide Plus. Tide, a unit of procter and gamble, is the world’s oldest and most trusted detergent brand and is the market leader in 23 countries around the world.', 'images/i1.jpeg'),
(50, 'Cup-Plate Set', 390, 300, 90, 25, 'Currently Available', 'Available in all the Sizes', 'Purely Cotton Shirt', 'Fashionable Shirt', 'Available in the Black, Blue, Red and Orange Colour', 'Attractive Western Design', 'New Tide Plus with extra power detergent, now with the added power of bar, has been developed to bring you brilliant whiteness on your clothes. It removes dirt even from washed clothes to give you even better cleaning. The enzyme formula in the washing powder helps in washing away the toughest stains on the clothes, thus making them look bright and fresh. Kids often soil their clothes, especially school uniforms, with tough-to-remove stains and dirt. Tide Plus with extra power is a fine detergent powder which dissolves easily in water and quickly generates foam. The superior formulation can remove dirt even from difficult-to-clean areas like collars and cuffs and leaves behind a wonderful fragrance. .', 'images/i2.jpeg'),
(51, 'Plastic Boxes', 850, 500, 350, 40, 'Currently Unavailable', 'Available in all the Sizes', 'Pure Cotton Shirt', 'Fashionable Shirt', 'Available in the Black, Blue, Red and Orange Colour', 'Attractive Western Design', 'New Tide Plus with extra power detergent, now with the added power of bar, has been developed to bring you brilliant whiteness on your clothes. It removes dirt even from washed clothes to give you even better cleaning. The enzyme formula in the washing powder helps in washing away the toughest stains on the clothes, thus making them look bright and fresh. Kids often soil their clothes, especially school uniforms, with tough-to-remove stains and dirt. Tide Plus with extra power is a fine detergent powder which dissolves easily in water and quickly generates foam. The superior formulation can remove dirt even from difficult-to-clean areas like collars and cuffs and leaves behind a wonderful fragrance. The product works on both white and colored clothes. Extra power refers to vs previous Tide Plus. Tide, a unit of procter and gamble, is the world’s oldest and most trusted detergent brand and is the market leader in 23 countries around the world.', 'images/i3.jpeg'),
(52, 'Tea Cup', 330, 150, 180, 55, 'Currently Available', 'Available in all the Sizes', 'Pure Cotton Shirt', 'Fashionable Shirt', 'Available in the Black, Blue, Red and Orange Colour', 'Attractive Western Design', 'New Tide Plus with extra power detergent, now with the added power of bar, has been developed to bring you brilliant whiteness on your clothes. It removes dirt even from washed clothes to give you even better cleaning. The enzyme formula in the washing powder helps in washing away the toughest stains on the clothes, thus making them look bright and fresh. Kids often soil their clothes, especially school uniforms, with tough-to-remove stains and dirt. Tide Plus with extra power is a fine detergent powder which dissolves easily in water and quickly generates foam. The superior formulation can remove dirt even from difficult-to-clean areas like collars and cuffs and leaves behind a wonderful fragrance. The product works on both white and colored clothes. Extra power refers to vs previous Tide Plus. Tide, a unit of procter and gamble, is the world’s oldest and most trusted detergent brand and is the market leader in 23 countries around the world.', 'images/i4.jpeg'),
(53, 'Blue Plate Set', 700, 550, 150, 22, 'Currently Available', 'Pure Cotton Shirt', 'Available in all the Sizes', 'Fashionable Shirt', 'Available in the Black, Blue, Red and Orange Colour', 'Attractive Western Design', 'New Tide Plus with extra power detergent, now with the added power of bar, has been developed to bring you brilliant whiteness on your clothes. It removes dirt even from washed clothes to give you even better cleaning. The enzyme formula in the washing powder helps in washing away the toughest stains on the clothes, thus making them look bright and fresh. Kids often soil their clothes, especially school uniforms, with tough-to-remove stains and dirt. Tide Plus with extra power is a fine detergent powder which dissolves easily in water and quickly generates foam. The superior formulation can remove dirt even from difficult-to-clean areas like collars and cuffs and leaves behind a wonderful fragrance. The product works on both white and colored clothes. Extra power refers to vs previous Tide Plus. Tide, a unit of procter and gamble, is the world’s oldest and most trusted detergent brand and is the market leader in 23 countries around the world.', 'images/i5.jpeg'),
(54, 'Wine Glass', 240, 200, 40, 17, 'Currently Available', 'Pure Cotton Shirt', 'Available in all the Sizes', 'Fashionable Shirt', 'Available in the Black, Blue, Red and Orange Colour', 'Attractive Western Design', 'New Tide Plus with extra power detergent, now with the added power of bar, has been developed to bring you brilliant whiteness on your clothes. It removes dirt even from washed clothes to give you even better cleaning. The enzyme formula in the washing powder helps in washing away the toughest stains on the clothes, thus making them look bright and fresh. Kids often soil their clothes, especially school uniforms, with tough-to-remove stains and dirt. Tide Plus with extra power is a fine detergent powder which dissolves easily in water and quickly generates foam. The superior formulation can remove dirt even from difficult-to-clean areas like collars and cuffs and leaves behind a wonderful fragrance. The product works on both white and colored clothes. Extra power refers to vs previous Tide Plus. Tide, a unit of procter and gamble, is the world’s oldest and most trusted detergent brand and is the market leader in 23 countries around the world.', 'images/i6.jpeg'),
(55, 'Head &amp Soulder', 180, 90, 90, 50, 'Currently Available', 'Available in all the Sizes', 'Pure Cotton Shirt', 'Fashionable Shirt', 'Available in the Black, Blue, Red and Orange Colour', 'Attractive Western Design', 'New Tide Plus with extra power detergent, now with the added power of bar, has been developed to bring you brilliant whiteness on your clothes. It removes dirt even from washed clothes to give you even better cleaning. The enzyme formula in the washing powder helps in washing away the toughest stains on the clothes, thus making them look bright and fresh. Kids often soil their clothes, especially school uniforms, with tough-to-remove stains and dirt. Tide Plus with extra power is a fine detergent powder which dissolves easily in water and quickly generates foam. The superior formulation can remove dirt even from difficult-to-clean areas like collars and cuffs and leaves behind a wonderful fragrance. The product works on both white and colored clothes. Extra power refers to vs previous Tide Plus. Tide, a unit of procter and gamble, is the world’s oldest and most trusted detergent brand and is the market leader in 23 countries around the world.', 'images/j1.jpeg'),
(56, 'Dove Shampoo', 240, 120, 120, 50, 'Currently Available', 'Available in all the Sizes', 'Purely Cotton Shirt', 'Fashionable Shirt', 'Available in the Black, Blue, Red and Orange Colour', 'Attractive Western Design', 'New Tide Plus with extra power detergent, now with the added power of bar, has been developed to bring you brilliant whiteness on your clothes. It removes dirt even from washed clothes to give you even better cleaning. The enzyme formula in the washing powder helps in washing away the toughest stains on the clothes, thus making them look bright and fresh. Kids often soil their clothes, especially school uniforms, with tough-to-remove stains and dirt. Tide Plus with extra power is a fine detergent powder which dissolves easily in water and quickly generates foam. The superior formulation can remove dirt even from difficult-to-clean areas like collars and cuffs and leaves behind a wonderful fragrance. .', 'images/j2.jpeg'),
(57, 'Herbal Facewash', 400, 250, 150, 40, 'Currently Unavailable', 'Available in all the Sizes', 'Pure Cotton Shirt', 'Fashionable Shirt', 'Available in the Black, Blue, Red and Orange Colour', 'Attractive Western Design', 'New Tide Plus with extra power detergent, now with the added power of bar, has been developed to bring you brilliant whiteness on your clothes. It removes dirt even from washed clothes to give you even better cleaning. The enzyme formula in the washing powder helps in washing away the toughest stains on the clothes, thus making them look bright and fresh. Kids often soil their clothes, especially school uniforms, with tough-to-remove stains and dirt. Tide Plus with extra power is a fine detergent powder which dissolves easily in water and quickly generates foam. The superior formulation can remove dirt even from difficult-to-clean areas like collars and cuffs and leaves behind a wonderful fragrance. The product works on both white and colored clothes. Extra power refers to vs previous Tide Plus. Tide, a unit of procter and gamble, is the world’s oldest and most trusted detergent brand and is the market leader in 23 countries around the world.', 'images/j3.jpeg'),
(58, 'Hair Fall Shampoo', 410, 320, 90, 22, 'Currently Available', 'Available in all the Sizes', 'Pure Cotton Shirt', 'Fashionable Shirt', 'Available in the Black, Blue, Red and Orange Colour', 'Attractive Western Design', 'New Tide Plus with extra power detergent, now with the added power of bar, has been developed to bring you brilliant whiteness on your clothes. It removes dirt even from washed clothes to give you even better cleaning. The enzyme formula in the washing powder helps in washing away the toughest stains on the clothes, thus making them look bright and fresh. Kids often soil their clothes, especially school uniforms, with tough-to-remove stains and dirt. Tide Plus with extra power is a fine detergent powder which dissolves easily in water and quickly generates foam. The superior formulation can remove dirt even from difficult-to-clean areas like collars and cuffs and leaves behind a wonderful fragrance. The product works on both white and colored clothes. Extra power refers to vs previous Tide Plus. Tide, a unit of procter and gamble, is the world’s oldest and most trusted detergent brand and is the market leader in 23 countries around the world.', 'images/j4.jpeg'),
(59, 'Indulekha', 500, 350, 150, 30, 'Currently Available', 'Pure Cotton Shirt', 'Available in all the Sizes', 'Fashionable Shirt', 'Available in the Black, Blue, Red and Orange Colour', 'Attractive Western Design', 'New Tide Plus with extra power detergent, now with the added power of bar, has been developed to bring you brilliant whiteness on your clothes. It removes dirt even from washed clothes to give you even better cleaning. The enzyme formula in the washing powder helps in washing away the toughest stains on the clothes, thus making them look bright and fresh. Kids often soil their clothes, especially school uniforms, with tough-to-remove stains and dirt. Tide Plus with extra power is a fine detergent powder which dissolves easily in water and quickly generates foam. The superior formulation can remove dirt even from difficult-to-clean areas like collars and cuffs and leaves behind a wonderful fragrance. The product works on both white and colored clothes. Extra power refers to vs previous Tide Plus. Tide, a unit of procter and gamble, is the world’s oldest and most trusted detergent brand and is the market leader in 23 countries around the world.', 'images/j5.jpeg'),
(60, 'Wow Shampoo', 280, 220, 60, 22, 'Currently Available', 'Pure Cotton Shirt', 'Available in all the Sizes', 'Fashionable Shirt', 'Available in the Black, Blue, Red and Orange Colour', 'Attractive Western Design', 'New Tide Plus with extra power detergent, now with the added power of bar, has been developed to bring you brilliant whiteness on your clothes. It removes dirt even from washed clothes to give you even better cleaning. The enzyme formula in the washing powder helps in washing away the toughest stains on the clothes, thus making them look bright and fresh. Kids often soil their clothes, especially school uniforms, with tough-to-remove stains and dirt. Tide Plus with extra power is a fine detergent powder which dissolves easily in water and quickly generates foam. The superior formulation can remove dirt even from difficult-to-clean areas like collars and cuffs and leaves behind a wonderful fragrance. The product works on both white and colored clothes. Extra power refers to vs previous Tide Plus. Tide, a unit of procter and gamble, is the world’s oldest and most trusted detergent brand and is the market leader in 23 countries around the world.', 'images/j6.jpeg'),
(61, 'Boss Speakers', 2400, 2300, 100, 5, 'Currently Available', 'Available in all the Sizes', 'Pure Cotton Shirt', 'Fashionable Shirt', 'Available in the Black, Blue, Red and Orange Colour', 'Attractive Western Design', 'New Tide Plus with extra power detergent, now with the added power of bar, has been developed to bring you brilliant whiteness on your clothes. It removes dirt even from washed clothes to give you even better cleaning. The enzyme formula in the washing powder helps in washing away the toughest stains on the clothes, thus making them look bright and fresh. Kids often soil their clothes, especially school uniforms, with tough-to-remove stains and dirt. Tide Plus with extra power is a fine detergent powder which dissolves easily in water and quickly generates foam. The superior formulation can remove dirt even from difficult-to-clean areas like collars and cuffs and leaves behind a wonderful fragrance. The product works on both white and colored clothes. Extra power refers to vs previous Tide Plus. Tide, a unit of procter and gamble, is the world’s oldest and most trusted detergent brand and is the market leader in 23 countries around the world.', 'images/k1.jpeg'),
(62, 'Home Theatre', 1500, 1350, 150, 10, 'Currently Available', 'Available in all the Sizes', 'Purely Cotton Shirt', 'Fashionable Shirt', 'Available in the Black, Blue, Red and Orange Colour', 'Attractive Western Design', 'New Tide Plus with extra power detergent, now with the added power of bar, has been developed to bring you brilliant whiteness on your clothes. It removes dirt even from washed clothes to give you even better cleaning. The enzyme formula in the washing powder helps in washing away the toughest stains on the clothes, thus making them look bright and fresh. Kids often soil their clothes, especially school uniforms, with tough-to-remove stains and dirt. Tide Plus with extra power is a fine detergent powder which dissolves easily in water and quickly generates foam. The superior formulation can remove dirt even from difficult-to-clean areas like collars and cuffs and leaves behind a wonderful fragrance. .', 'images/k2.jpeg'),
(63, 'Amazon Alexa', 7200, 6000, 1200, 17, 'Currently Unavailable', 'Available in all the Sizes', 'Pure Cotton Shirt', 'Fashionable Shirt', 'Available in the Black, Blue, Red and Orange Colour', 'Attractive Western Design', 'New Tide Plus with extra power detergent, now with the added power of bar, has been developed to bring you brilliant whiteness on your clothes. It removes dirt even from washed clothes to give you even better cleaning. The enzyme formula in the washing powder helps in washing away the toughest stains on the clothes, thus making them look bright and fresh. Kids often soil their clothes, especially school uniforms, with tough-to-remove stains and dirt. Tide Plus with extra power is a fine detergent powder which dissolves easily in water and quickly generates foam. The superior formulation can remove dirt even from difficult-to-clean areas like collars and cuffs and leaves behind a wonderful fragrance. The product works on both white and colored clothes. Extra power refers to vs previous Tide Plus. Tide, a unit of procter and gamble, is the world’s oldest and most trusted detergent brand and is the market leader in 23 countries around the world.', 'images/k3.jpeg'),
(64, 'Sony Speakers', 2800, 2500, 300, 10, 'Currently Available', 'Available in all the Sizes', 'Pure Cotton Shirt', 'Fashionable Shirt', 'Available in the Black, Blue, Red and Orange Colour', 'Attractive Western Design', 'New Tide Plus with extra power detergent, now with the added power of bar, has been developed to bring you brilliant whiteness on your clothes. It removes dirt even from washed clothes to give you even better cleaning. The enzyme formula in the washing powder helps in washing away the toughest stains on the clothes, thus making them look bright and fresh. Kids often soil their clothes, especially school uniforms, with tough-to-remove stains and dirt. Tide Plus with extra power is a fine detergent powder which dissolves easily in water and quickly generates foam. The superior formulation can remove dirt even from difficult-to-clean areas like collars and cuffs and leaves behind a wonderful fragrance. The product works on both white and colored clothes. Extra power refers to vs previous Tide Plus. Tide, a unit of procter and gamble, is the world’s oldest and most trusted detergent brand and is the market leader in 23 countries around the world.', 'images/k4.jpeg'),
(65, 'Kingston Speaker', 1380, 1200, 180, 15, 'Currently Available', 'Pure Cotton Shirt', 'Available in all the Sizes', 'Fashionable Shirt', 'Available in the Black, Blue, Red and Orange Colour', 'Attractive Western Design', 'New Tide Plus with extra power detergent, now with the added power of bar, has been developed to bring you brilliant whiteness on your clothes. It removes dirt even from washed clothes to give you even better cleaning. The enzyme formula in the washing powder helps in washing away the toughest stains on the clothes, thus making them look bright and fresh. Kids often soil their clothes, especially school uniforms, with tough-to-remove stains and dirt. Tide Plus with extra power is a fine detergent powder which dissolves easily in water and quickly generates foam. The superior formulation can remove dirt even from difficult-to-clean areas like collars and cuffs and leaves behind a wonderful fragrance. The product works on both white and colored clothes. Extra power refers to vs previous Tide Plus. Tide, a unit of procter and gamble, is the world’s oldest and most trusted detergent brand and is the market leader in 23 countries around the world.', 'images/k5.jpeg'),
(66, 'Home Speakers', 1150, 1000, 150, 15, 'Currently Available', 'Pure Cotton Shirt', 'Available in all the Sizes', 'Fashionable Shirt', 'Available in the Black, Blue, Red and Orange Colour', 'Attractive Western Design', 'New Tide Plus with extra power detergent, now with the added power of bar, has been developed to bring you brilliant whiteness on your clothes. It removes dirt even from washed clothes to give you even better cleaning. The enzyme formula in the washing powder helps in washing away the toughest stains on the clothes, thus making them look bright and fresh. Kids often soil their clothes, especially school uniforms, with tough-to-remove stains and dirt. Tide Plus with extra power is a fine detergent powder which dissolves easily in water and quickly generates foam. The superior formulation can remove dirt even from difficult-to-clean areas like collars and cuffs and leaves behind a wonderful fragrance. The product works on both white and colored clothes. Extra power refers to vs previous Tide Plus. Tide, a unit of procter and gamble, is the world’s oldest and most trusted detergent brand and is the market leader in 23 countries around the world.', 'images/k6.jpeg'),
(78, 'Green Shirt', 893, 653, 323, 65, 'Currently Available', 'a1', 'a2', 'aa3', 'a4', 'a5', 'How are u', ''),
(83, 'ff', 0, 0, 0, 0, 'Currently Available', '', '', '', '', '', '', ''),
(84, 'ff', 0, 0, 0, 0, 'Currently Available', '', '', '', '', '', '', ''),
(85, 'ff', 0, 0, 0, 0, 'Currently Available', '', '', '', '', '', '', ''),
(86, 'ff', 0, 0, 0, 0, 'Currently Available', '', '', '', '', '', '', ''),
(88, 'ff', 0, 0, 0, 0, 'Currently Available', '', '', '', '', '', '', '');

--
-- Indexes for dumped tables
--

--
-- Indexes for table `contact`
--
ALTER TABLE `contact`
  ADD PRIMARY KEY (`cemail`);

--
-- Indexes for table `logininfo`
--
ALTER TABLE `logininfo`
  ADD PRIMARY KEY (`emailadd`);

--
-- Indexes for table `productinfo`
--
ALTER TABLE `productinfo`
  ADD PRIMARY KEY (`pid`),
  ADD UNIQUE KEY `pid` (`pid`),
  ADD UNIQUE KEY `pid_2` (`pid`);

--
-- AUTO_INCREMENT for dumped tables
--

--
-- AUTO_INCREMENT for table `productinfo`
--
ALTER TABLE `productinfo`
  MODIFY `pid` int(10) NOT NULL AUTO_INCREMENT, AUTO_INCREMENT=90;
COMMIT;

/*!40101 SET CHARACTER_SET_CLIENT=@OLD_CHARACTER_SET_CLIENT */;
/*!40101 SET CHARACTER_SET_RESULTS=@OLD_CHARACTER_SET_RESULTS */;
/*!40101 SET COLLATION_CONNECTION=@OLD_COLLATION_CONNECTION */;
